[
    {
        "n_items": 20,
        "capacity": 73,
        "execution_time": 0.8420419692993164,
        "extreme_efficient_solutions": [
            [
                [
                    96.0,
                    251.0
                ],
                [
                    102.0,
                    209.0
                ],
                [
                    139.0,
                    170.0
                ],
                [
                    167.0,
                    151.0
                ]
            ],
            [
                102.0,
                209.0
            ],
            5
        ]
    },
    {
        "n_items": 40,
        "capacity": 174,
        "execution_time": 2.639200448989868,
        "extreme_efficient_solutions": [
            [
                [
                    276.0,
                    463.0
                ],
                [
                    287.0,
                    429.0
                ],
                [
                    305.0,
                    393.0
                ],
                [
                    315.0,
                    379.0
                ],
                [
                    332.0,
                    363.0
                ],
                [
                    338.0,
                    359.0
                ],
                [
                    360.0,
                    355.0
                ],
                [
                    397.0,
                    357.0
                ],
                [
                    355.0,
                    360.0
                ]
            ],
            [
                315.0,
                379.0
            ],
            15
        ]
    },
    {
        "n_items": 60,
        "capacity": 226,
        "execution_time": 2.455000638961792,
        "extreme_efficient_solutions": [
            [
                [
                    286.0,
                    745.0
                ],
                [
                    291.0,
                    671.0
                ],
                [
                    299.0,
                    641.0
                ],
                [
                    312.0,
                    611.0
                ],
                [
                    322.0,
                    593.0
                ],
                [
                    331.0,
                    580.0
                ],
                [
                    347.0,
                    563.0
                ],
                [
                    371.0,
                    544.0
                ],
                [
                    524.0,
                    495.0
                ]
            ],
            [
                312.0,
                611.0
            ],
            15
        ]
    },
    {
        "n_items": 80,
        "capacity": 312,
        "execution_time": 5.861685276031494,
        "extreme_efficient_solutions": [
            [
                [
                    398.0,
                    893.0
                ],
                [
                    398.0,
                    881.0
                ],
                [
                    401.0,
                    865.0
                ],
                [
                    409.0,
                    827.0
                ],
                [
                    421.0,
                    795.0
                ],
                [
                    426.0,
                    783.0
                ],
                [
                    435.0,
                    767.0
                ],
                [
                    445.0,
                    755.0
                ],
                [
                    479.0,
                    719.0
                ],
                [
                    506.0,
                    698.0
                ],
                [
                    512.0,
                    694.0
                ],
                [
                    516.0,
                    692.0
                ],
                [
                    536.0,
                    683.0
                ],
                [
                    671.0,
                    623.0
                ]
            ],
            [
                426.0,
                783.0
            ],
            25
        ]
    },
    {
        "n_items": 100,
        "capacity": 412,
        "execution_time": 6.415543079376221,
        "extreme_efficient_solutions": [
            [
                [
                    516.0,
                    1078.0
                ],
                [
                    523.0,
                    1056.0
                ],
                [
                    524.0,
                    1053.0
                ],
                [
                    528.0,
                    1043.0
                ],
                [
                    535.0,
                    1027.0
                ],
                [
                    546.0,
                    1002.0
                ],
                [
                    566.0,
                    974.0
                ],
                [
                    588.0,
                    951.0
                ],
                [
                    609.0,
                    931.0
                ],
                [
                    623.0,
                    918.0
                ],
                [
                    636.0,
                    908.0
                ],
                [
                    647.0,
                    900.0
                ],
                [
                    672.0,
                    882.0
                ],
                [
                    701.0,
                    868.0
                ],
                [
                    706.0,
                    866.0
                ],
                [
                    714.0,
                    863.0
                ],
                [
                    725.0,
                    859.0
                ],
                [
                    743.0,
                    853.0
                ],
                [
                    776.0,
                    845.0
                ],
                [
                    842.0,
                    834.0
                ]
            ],
            [
                546.0,
                1002.0
            ],
            37
        ]
    },
    {
        "n_items": 120,
        "capacity": 513,
        "execution_time": 4.7138025760650635,
        "extreme_efficient_solutions": [
            [
                [
                    611.0,
                    1462.0
                ],
                [
                    614.0,
                    1432.0
                ],
                [
                    615.0,
                    1424.0
                ],
                [
                    620.0,
                    1393.0
                ],
                [
                    630.0,
                    1356.0
                ],
                [
                    634.0,
                    1344.0
                ],
                [
                    644.0,
                    1315.0
                ],
                [
                    660.0,
                    1282.0
                ],
                [
                    678.0,
                    1251.0
                ],
                [
                    696.0,
                    1225.0
                ],
                [
                    718.0,
                    1203.0
                ],
                [
                    730.0,
                    1192.0
                ],
                [
                    743.0,
                    1181.0
                ],
                [
                    749.0,
                    1176.0
                ],
                [
                    766.0,
                    1163.0
                ],
                [
                    790.0,
                    1148.0
                ],
                [
                    825.0,
                    1130.0
                ],
                [
                    1095.0,
                    1008.0
                ]
            ],
            [
                660.0,
                1282.0
            ],
            33
        ]
    },
    {
        "n_items": 140,
        "capacity": 583,
        "execution_time": 1.7795906066894531,
        "extreme_efficient_solutions": [
            [
                [
                    622.0,
                    1559.0
                ],
                [
                    626.0,
                    1493.0
                ],
                [
                    628.0,
                    1483.0
                ],
                [
                    652.0,
                    1432.0
                ],
                [
                    657.0,
                    1423.0
                ],
                [
                    671.0,
                    1400.0
                ],
                [
                    723.0,
                    1358.0
                ],
                [
                    761.0,
                    1332.0
                ],
                [
                    1256.0,
                    1037.0
                ]
            ],
            [
                628.0,
                1483.0
            ],
            15
        ]
    },
    {
        "n_items": 160,
        "capacity": 692,
        "execution_time": 4.49818229675293,
        "extreme_efficient_solutions": [
            [
                [
                    774.0,
                    1910.0
                ],
                [
                    775.0,
                    1872.0
                ],
                [
                    782.0,
                    1829.0
                ],
                [
                    789.0,
                    1791.0
                ],
                [
                    802.0,
                    1752.0
                ],
                [
                    813.0,
                    1725.0
                ],
                [
                    823.0,
                    1704.0
                ],
                [
                    848.0,
                    1655.0
                ],
                [
                    858.0,
                    1637.0
                ],
                [
                    870.0,
                    1621.0
                ],
                [
                    878.0,
                    1613.0
                ],
                [
                    889.0,
                    1603.0
                ],
                [
                    919.0,
                    1577.0
                ],
                [
                    956.0,
                    1554.0
                ],
                [
                    982.0,
                    1542.0
                ],
                [
                    1475.0,
                    1331.0
                ]
            ],
            [
                823.0,
                1704.0
            ],
            29
        ]
    },
    {
        "n_items": 180,
        "capacity": 695,
        "execution_time": 4.392576456069946,
        "extreme_efficient_solutions": [
            [
                [
                    907.0,
                    2054.0
                ],
                [
                    909.0,
                    2004.0
                ],
                [
                    913.0,
                    1965.0
                ],
                [
                    923.0,
                    1888.0
                ],
                [
                    932.0,
                    1850.0
                ],
                [
                    942.0,
                    1821.0
                ],
                [
                    956.0,
                    1788.0
                ],
                [
                    962.0,
                    1777.0
                ],
                [
                    999.0,
                    1720.0
                ],
                [
                    1019.0,
                    1699.0
                ],
                [
                    1056.0,
                    1667.0
                ],
                [
                    1064.0,
                    1661.0
                ],
                [
                    1117.0,
                    1628.0
                ],
                [
                    1138.0,
                    1615.0
                ],
                [
                    1158.0,
                    1604.0
                ],
                [
                    1178.0,
                    1594.0
                ],
                [
                    1238.0,
                    1565.0
                ],
                [
                    1280.0,
                    1551.0
                ],
                [
                    1315.0,
                    1542.0
                ],
                [
                    1350.0,
                    1534.0
                ],
                [
                    1369.0,
                    1531.0
                ],
                [
                    1421.0,
                    1523.0
                ],
                [
                    1523.0,
                    1518.0
                ],
                [
                    1518.0,
                    1523.0
                ]
            ],
            [
                956.0,
                1788.0
            ],
            45
        ]
    },
    {
        "n_items": 200,
        "capacity": 816,
        "execution_time": 6.709115982055664,
        "extreme_efficient_solutions": [
            [
                [
                    1034.0,
                    2331.0
                ],
                [
                    1035.0,
                    2304.0
                ],
                [
                    1041.0,
                    2210.0
                ],
                [
                    1046.0,
                    2169.0
                ],
                [
                    1049.0,
                    2145.0
                ],
                [
                    1050.0,
                    2138.0
                ],
                [
                    1060.0,
                    2077.0
                ],
                [
                    1066.0,
                    2060.0
                ],
                [
                    1081.0,
                    2025.0
                ],
                [
                    1089.0,
                    2007.0
                ],
                [
                    1099.0,
                    1990.0
                ],
                [
                    1105.0,
                    1980.0
                ],
                [
                    1143.0,
                    1939.0
                ],
                [
                    1145.0,
                    1937.0
                ],
                [
                    1174.0,
                    1915.0
                ],
                [
                    1203.0,
                    1894.0
                ],
                [
                    1245.0,
                    1867.0
                ],
                [
                    1280.0,
                    1847.0
                ],
                [
                    1304.0,
                    1836.0
                ],
                [
                    1322.0,
                    1828.0
                ],
                [
                    1338.0,
                    1821.0
                ],
                [
                    1350.0,
                    1816.0
                ],
                [
                    1360.0,
                    1812.0
                ],
                [
                    1395.0,
                    1798.0
                ],
                [
                    1424.0,
                    1788.0
                ],
                [
                    1463.0,
                    1776.0
                ],
                [
                    1479.0,
                    1772.0
                ],
                [
                    1498.0,
                    1768.0
                ],
                [
                    1532.0,
                    1761.0
                ],
                [
                    1743.0,
                    1718.0
                ]
            ],
            [
                1089.0,
                2007.0
            ],
            57
        ]
    },
    {
        "n_items": 220,
        "capacity": 836,
        "execution_time": 20.038752555847168,
        "extreme_efficient_solutions": [
            [
                [
                    1264.0,
                    2464.0
                ],
                [
                    1264.0,
                    2470.0
                ],
                [
                    1265.0,
                    2445.0
                ],
                [
                    1266.0,
                    2535.0
                ],
                [
                    1267.0,
                    2420.0
                ],
                [
                    1268.0,
                    2572.0
                ],
                [
                    1270.0,
                    2383.0
                ],
                [
                    1271.0,
                    2600.0
                ],
                [
                    1274.0,
                    2621.0
                ],
                [
                    1277.0,
                    2333.0
                ],
                [
                    1277.0,
                    2638.0
                ],
                [
                    1283.0,
                    2300.0
                ],
                [
                    1283.0,
                    2670.0
                ],
                [
                    1289.0,
                    2695.0
                ],
                [
                    1308.0,
                    2757.0
                ],
                [
                    1314.0,
                    2180.0
                ],
                [
                    1318.0,
                    2786.0
                ],
                [
                    1334.0,
                    2828.0
                ],
                [
                    1340.0,
                    2843.0
                ],
                [
                    1344.0,
                    2101.0
                ],
                [
                    1356.0,
                    2882.0
                ],
                [
                    1364.0,
                    2064.0
                ],
                [
                    1367.0,
                    2059.0
                ],
                [
                    1384.0,
                    2941.0
                ],
                [
                    1389.0,
                    2027.0
                ],
                [
                    1390.0,
                    2953.0
                ],
                [
                    1417.0,
                    1994.0
                ],
                [
                    1435.0,
                    1977.0
                ],
                [
                    1437.0,
                    3042.0
                ],
                [
                    1458.0,
                    3079.0
                ],
                [
                    1480.0,
                    1941.0
                ],
                [
                    1491.0,
                    1933.0
                ],
                [
                    1502.0,
                    1926.0
                ],
                [
                    1513.0,
                    1919.0
                ],
                [
                    1513.0,
                    3166.0
                ],
                [
                    1539.0,
                    1903.0
                ],
                [
                    1549.0,
                    1897.0
                ],
                [
                    1557.0,
                    1893.0
                ],
                [
                    1592.0,
                    1877.0
                ],
                [
                    1627.0,
                    1864.0
                ],
                [
                    1721.0,
                    1837.0
                ],
                [
                    1753.0,
                    1830.0
                ],
                [
                    1805.0,
                    1822.0
                ],
                [
                    1863.0,
                    1815.0
                ],
                [
                    1909.0,
                    1813.0
                ],
                [
                    1991.0,
                    1813.0
                ],
                [
                    2071.0,
                    1823.0
                ],
                [
                    2137.0,
                    1837.0
                ],
                [
                    2240.0,
                    1867.0
                ],
                [
                    2285.0,
                    1883.0
                ],
                [
                    2346.0,
                    1906.0
                ],
                [
                    2408.0,
                    1931.0
                ],
                [
                    2471.0,
                    1957.0
                ],
                [
                    2505.0,
                    1971.0
                ],
                [
                    2543.0,
                    1987.0
                ],
                [
                    2566.0,
                    1997.0
                ],
                [
                    2637.0,
                    2028.0
                ],
                [
                    2695.0,
                    2054.0
                ],
                [
                    2739.0,
                    2074.0
                ],
                [
                    2886.0,
                    2144.0
                ],
                [
                    2933.0,
                    2167.0
                ],
                [
                    3031.0,
                    2216.0
                ],
                [
                    3114.0,
                    2260.0
                ],
                [
                    3144.0,
                    2276.0
                ],
                [
                    3222.0,
                    2319.0
                ],
                [
                    3238.0,
                    2328.0
                ],
                [
                    3311.0,
                    2371.0
                ],
                [
                    3333.0,
                    2384.0
                ],
                [
                    3369.0,
                    2406.0
                ],
                [
                    3458.0,
                    2462.0
                ],
                [
                    3490.0,
                    2483.0
                ],
                [
                    3561.0,
                    2530.0
                ],
                [
                    3631.0,
                    2577.0
                ],
                [
                    3707.0,
                    2630.0
                ],
                [
                    3760.0,
                    2668.0
                ],
                [
                    3796.0,
                    2694.0
                ],
                [
                    3914.0,
                    2781.0
                ],
                [
                    3979.0,
                    2831.0
                ],
                [
                    1813.0,
                    1909.0
                ]
            ],
            [
                1367.0,
                2059.0
            ],
            155
        ]
    },
    {
        "n_items": 240,
        "capacity": 923,
        "execution_time": 5.62346076965332,
        "extreme_efficient_solutions": [
            [
                [
                    1193.0,
                    2542.0
                ],
                [
                    1194.0,
                    2505.0
                ],
                [
                    1195.0,
                    2482.0
                ],
                [
                    1198.0,
                    2439.0
                ],
                [
                    1207.0,
                    2352.0
                ],
                [
                    1215.0,
                    2309.0
                ],
                [
                    1226.0,
                    2267.0
                ],
                [
                    1237.0,
                    2236.0
                ],
                [
                    1241.0,
                    2225.0
                ],
                [
                    1249.0,
                    2207.0
                ],
                [
                    1256.0,
                    2192.0
                ],
                [
                    1264.0,
                    2176.0
                ],
                [
                    1278.0,
                    2153.0
                ],
                [
                    1300.0,
                    2119.0
                ],
                [
                    1313.0,
                    2102.0
                ],
                [
                    1326.0,
                    2086.0
                ],
                [
                    1335.0,
                    2076.0
                ],
                [
                    1383.0,
                    2035.0
                ],
                [
                    1389.0,
                    2030.0
                ],
                [
                    1430.0,
                    2006.0
                ],
                [
                    1437.0,
                    2002.0
                ],
                [
                    1442.0,
                    1999.0
                ],
                [
                    1470.0,
                    1983.0
                ],
                [
                    1516.0,
                    1960.0
                ],
                [
                    1543.0,
                    1948.0
                ],
                [
                    1907.0,
                    1807.0
                ]
            ],
            [
                1264.0,
                2176.0
            ],
            49
        ]
    },
    {
        "n_items": 260,
        "capacity": 1049,
        "execution_time": 5.885399341583252,
        "extreme_efficient_solutions": [
            [
                [
                    1342.0,
                    3119.0
                ],
                [
                    1342.0,
                    3183.0
                ],
                [
                    1343.0,
                    3089.0
                ],
                [
                    1344.0,
                    3068.0
                ],
                [
                    1344.0,
                    3069.0
                ],
                [
                    1345.0,
                    3053.0
                ],
                [
                    1347.0,
                    3026.0
                ],
                [
                    1349.0,
                    3001.0
                ],
                [
                    1350.0,
                    2991.0
                ],
                [
                    1352.0,
                    2973.0
                ],
                [
                    1357.0,
                    2935.0
                ],
                [
                    1359.0,
                    2923.0
                ],
                [
                    1364.0,
                    2894.0
                ],
                [
                    1370.0,
                    2866.0
                ],
                [
                    1380.0,
                    2824.0
                ],
                [
                    1387.0,
                    2802.0
                ],
                [
                    1391.0,
                    2791.0
                ],
                [
                    1401.0,
                    2764.0
                ],
                [
                    1407.0,
                    2748.0
                ],
                [
                    1412.0,
                    2736.0
                ],
                [
                    1428.0,
                    2700.0
                ],
                [
                    1434.0,
                    2690.0
                ],
                [
                    1463.0,
                    2648.0
                ],
                [
                    1471.0,
                    2637.0
                ],
                [
                    1474.0,
                    2633.0
                ],
                [
                    1484.0,
                    2620.0
                ],
                [
                    1496.0,
                    2605.0
                ],
                [
                    1505.0,
                    2595.0
                ],
                [
                    1512.0,
                    2587.0
                ],
                [
                    1521.0,
                    2577.0
                ],
                [
                    1533.0,
                    2564.0
                ],
                [
                    1573.0,
                    2528.0
                ],
                [
                    1584.0,
                    2519.0
                ],
                [
                    1624.0,
                    2487.0
                ],
                [
                    1651.0,
                    2468.0
                ],
                [
                    1679.0,
                    2450.0
                ],
                [
                    1682.0,
                    2448.0
                ],
                [
                    1716.0,
                    2428.0
                ],
                [
                    1740.0,
                    2414.0
                ],
                [
                    1762.0,
                    2403.0
                ],
                [
                    2346.0,
                    2143.0
                ]
            ],
            [
                1428.0,
                2700.0
            ],
            79
        ]
    },
    {
        "n_items": 280,
        "capacity": 1128,
        "execution_time": 1.5322179794311523,
        "extreme_efficient_solutions": [
            [
                [
                    1158.0,
                    3330.0
                ],
                [
                    1159.0,
                    3230.0
                ],
                [
                    1162.0,
                    3173.0
                ],
                [
                    1164.0,
                    3141.0
                ],
                [
                    1166.0,
                    3118.0
                ],
                [
                    1170.0,
                    3073.0
                ],
                [
                    1173.0,
                    3045.0
                ],
                [
                    1184.0,
                    2970.0
                ],
                [
                    1189.0,
                    2949.0
                ],
                [
                    1202.0,
                    2897.0
                ],
                [
                    1213.0,
                    2861.0
                ],
                [
                    1227.0,
                    2816.0
                ],
                [
                    1243.0,
                    2780.0
                ],
                [
                    1256.0,
                    2753.0
                ],
                [
                    1263.0,
                    2740.0
                ],
                [
                    1284.0,
                    2707.0
                ],
                [
                    1295.0,
                    2691.0
                ],
                [
                    1298.0,
                    2687.0
                ],
                [
                    1316.0,
                    2662.0
                ],
                [
                    1340.0,
                    2631.0
                ],
                [
                    1348.0,
                    2621.0
                ],
                [
                    1357.0,
                    2611.0
                ],
                [
                    1383.0,
                    2589.0
                ],
                [
                    1402.0,
                    2573.0
                ],
                [
                    1414.0,
                    2563.0
                ],
                [
                    1438.0,
                    2545.0
                ],
                [
                    1460.0,
                    2529.0
                ],
                [
                    1467.0,
                    2524.0
                ],
                [
                    1491.0,
                    2509.0
                ],
                [
                    2407.0,
                    1998.0
                ]
            ],
            [
                1227.0,
                2816.0
            ],
            57
        ]
    },
    {
        "n_items": 300,
        "capacity": 1179,
        "execution_time": 1.2850959300994873,
        "extreme_efficient_solutions": [
            [
                [
                    1358.0,
                    3275.0
                ],
                [
                    1359.0,
                    3251.0
                ],
                [
                    1362.0,
                    3213.0
                ],
                [
                    1364.0,
                    3197.0
                ],
                [
                    1371.0,
                    3162.0
                ],
                [
                    1380.0,
                    3121.0
                ],
                [
                    1388.0,
                    3091.0
                ],
                [
                    1397.0,
                    3066.0
                ],
                [
                    1409.0,
                    3035.0
                ],
                [
                    1437.0,
                    2976.0
                ],
                [
                    1441.0,
                    2969.0
                ],
                [
                    1462.0,
                    2935.0
                ],
                [
                    1483.0,
                    2902.0
                ],
                [
                    1489.0,
                    2893.0
                ],
                [
                    1511.0,
                    2862.0
                ],
                [
                    1541.0,
                    2827.0
                ],
                [
                    1559.0,
                    2809.0
                ],
                [
                    1571.0,
                    2798.0
                ],
                [
                    1580.0,
                    2790.0
                ],
                [
                    1618.0,
                    2758.0
                ],
                [
                    1643.0,
                    2743.0
                ],
                [
                    2599.0,
                    2207.0
                ]
            ],
            [
                1409.0,
                3035.0
            ],
            41
        ]
    },
    {
        "n_items": 320,
        "capacity": 1322,
        "execution_time": 1.8301968574523926,
        "extreme_efficient_solutions": [
            [
                [
                    1549.0,
                    3669.0
                ],
                [
                    1551.0,
                    3594.0
                ],
                [
                    1557.0,
                    3516.0
                ],
                [
                    1559.0,
                    3494.0
                ],
                [
                    1565.0,
                    3446.0
                ],
                [
                    1574.0,
                    3400.0
                ],
                [
                    1586.0,
                    3358.0
                ],
                [
                    1594.0,
                    3332.0
                ],
                [
                    1613.0,
                    3286.0
                ],
                [
                    1633.0,
                    3242.0
                ],
                [
                    1647.0,
                    3218.0
                ],
                [
                    1657.0,
                    3203.0
                ],
                [
                    1673.0,
                    3182.0
                ],
                [
                    1678.0,
                    3175.0
                ],
                [
                    1697.0,
                    3150.0
                ],
                [
                    1704.0,
                    3141.0
                ],
                [
                    1730.0,
                    3108.0
                ],
                [
                    1737.0,
                    3099.0
                ],
                [
                    1762.0,
                    3072.0
                ],
                [
                    1796.0,
                    3038.0
                ],
                [
                    1821.0,
                    3016.0
                ],
                [
                    1834.0,
                    3006.0
                ],
                [
                    1842.0,
                    3000.0
                ],
                [
                    1877.0,
                    2978.0
                ],
                [
                    1884.0,
                    2974.0
                ],
                [
                    1900.0,
                    2965.0
                ],
                [
                    1918.0,
                    2955.0
                ],
                [
                    2838.0,
                    2450.0
                ]
            ],
            [
                1633.0,
                3242.0
            ],
            53
        ]
    },
    {
        "n_items": 340,
        "capacity": 1371,
        "execution_time": 2.686079740524292,
        "extreme_efficient_solutions": [
            [
                [
                    1853.0,
                    4288.0
                ],
                [
                    1854.0,
                    4252.0
                ],
                [
                    1855.0,
                    4220.0
                ],
                [
                    1857.0,
                    4187.0
                ],
                [
                    1858.0,
                    4175.0
                ],
                [
                    1863.0,
                    4121.0
                ],
                [
                    1869.0,
                    4071.0
                ],
                [
                    1875.0,
                    4026.0
                ],
                [
                    1883.0,
                    3980.0
                ],
                [
                    1893.0,
                    3931.0
                ],
                [
                    1904.0,
                    3887.0
                ],
                [
                    1915.0,
                    3849.0
                ],
                [
                    1918.0,
                    3839.0
                ],
                [
                    1923.0,
                    3822.0
                ],
                [
                    1938.0,
                    3774.0
                ],
                [
                    1964.0,
                    3698.0
                ],
                [
                    1980.0,
                    3653.0
                ],
                [
                    1993.0,
                    3619.0
                ],
                [
                    2006.0,
                    3588.0
                ],
                [
                    2024.0,
                    3550.0
                ],
                [
                    2034.0,
                    3530.0
                ],
                [
                    2052.0,
                    3497.0
                ],
                [
                    2070.0,
                    3471.0
                ],
                [
                    2083.0,
                    3453.0
                ],
                [
                    2105.0,
                    3423.0
                ],
                [
                    2124.0,
                    3399.0
                ],
                [
                    2148.0,
                    3371.0
                ],
                [
                    2173.0,
                    3345.0
                ],
                [
                    2194.0,
                    3325.0
                ],
                [
                    2197.0,
                    3322.0
                ],
                [
                    2206.0,
                    3314.0
                ],
                [
                    2246.0,
                    3280.0
                ],
                [
                    2282.0,
                    3252.0
                ],
                [
                    2316.0,
                    3229.0
                ],
                [
                    2363.0,
                    3199.0
                ],
                [
                    2380.0,
                    3189.0
                ],
                [
                    2415.0,
                    3170.0
                ],
                [
                    2440.0,
                    3157.0
                ],
                [
                    2472.0,
                    3143.0
                ],
                [
                    2521.0,
                    3122.0
                ],
                [
                    2540.0,
                    3115.0
                ],
                [
                    2559.0,
                    3110.0
                ],
                [
                    2589.0,
                    3102.0
                ],
                [
                    2627.0,
                    3094.0
                ],
                [
                    3061.0,
                    3010.0
                ]
            ],
            [
                2052.0,
                3497.0
            ],
            87
        ]
    },
    {
        "n_items": 360,
        "capacity": 1420,
        "execution_time": 1.1678390502929688,
        "extreme_efficient_solutions": [
            [
                [
                    1638.0,
                    3753.0
                ],
                [
                    1639.0,
                    3714.0
                ],
                [
                    1640.0,
                    3679.0
                ],
                [
                    1645.0,
                    3634.0
                ],
                [
                    1647.0,
                    3616.0
                ],
                [
                    1648.0,
                    3608.0
                ],
                [
                    1654.0,
                    3573.0
                ],
                [
                    1660.0,
                    3545.0
                ],
                [
                    1672.0,
                    3497.0
                ],
                [
                    1693.0,
                    3434.0
                ],
                [
                    1713.0,
                    3382.0
                ],
                [
                    1730.0,
                    3344.0
                ],
                [
                    1757.0,
                    3290.0
                ],
                [
                    1771.0,
                    3264.0
                ],
                [
                    1794.0,
                    3228.0
                ],
                [
                    1830.0,
                    3184.0
                ],
                [
                    1874.0,
                    3139.0
                ],
                [
                    1885.0,
                    3129.0
                ],
                [
                    1894.0,
                    3121.0
                ],
                [
                    1911.0,
                    3108.0
                ],
                [
                    1931.0,
                    3093.0
                ],
                [
                    2984.0,
                    2383.0
                ]
            ],
            [
                1757.0,
                3290.0
            ],
            41
        ]
    },
    {
        "n_items": 380,
        "capacity": 1525,
        "execution_time": 2.066596031188965,
        "extreme_efficient_solutions": [
            [
                [
                    1837.0,
                    4464.0
                ],
                [
                    1840.0,
                    4400.0
                ],
                [
                    1849.0,
                    4329.0
                ],
                [
                    1852.0,
                    4308.0
                ],
                [
                    1856.0,
                    4283.0
                ],
                [
                    1863.0,
                    4242.0
                ],
                [
                    1867.0,
                    4221.0
                ],
                [
                    1876.0,
                    4178.0
                ],
                [
                    1886.0,
                    4139.0
                ],
                [
                    1893.0,
                    4112.0
                ],
                [
                    1905.0,
                    4079.0
                ],
                [
                    1922.0,
                    4037.0
                ],
                [
                    1937.0,
                    4002.0
                ],
                [
                    1953.0,
                    3968.0
                ],
                [
                    1968.0,
                    3937.0
                ],
                [
                    1979.0,
                    3916.0
                ],
                [
                    1992.0,
                    3893.0
                ],
                [
                    2000.0,
                    3879.0
                ],
                [
                    2004.0,
                    3872.0
                ],
                [
                    2015.0,
                    3853.0
                ],
                [
                    2021.0,
                    3843.0
                ],
                [
                    2039.0,
                    3816.0
                ],
                [
                    2052.0,
                    3797.0
                ],
                [
                    2123.0,
                    3716.0
                ],
                [
                    2188.0,
                    3655.0
                ],
                [
                    2195.0,
                    3649.0
                ],
                [
                    2227.0,
                    3622.0
                ],
                [
                    2228.0,
                    3621.0
                ],
                [
                    2261.0,
                    3594.0
                ],
                [
                    2279.0,
                    3580.0
                ],
                [
                    2289.0,
                    3573.0
                ],
                [
                    2358.0,
                    3531.0
                ],
                [
                    2413.0,
                    3503.0
                ],
                [
                    2434.0,
                    3494.0
                ],
                [
                    2502.0,
                    3466.0
                ],
                [
                    2517.0,
                    3460.0
                ],
                [
                    3316.0,
                    3154.0
                ]
            ],
            [
                1968.0,
                3937.0
            ],
            71
        ]
    },
    {
        "n_items": 400,
        "capacity": 1595,
        "execution_time": 2.1166276931762695,
        "extreme_efficient_solutions": [
            [
                [
                    1911.0,
                    4472.0
                ],
                [
                    1911.0,
                    4452.0
                ],
                [
                    1911.0,
                    4479.0
                ],
                [
                    1912.0,
                    4412.0
                ],
                [
                    1913.0,
                    4390.0
                ],
                [
                    1913.0,
                    4391.0
                ],
                [
                    1914.0,
                    4372.0
                ],
                [
                    1915.0,
                    4354.0
                ],
                [
                    1917.0,
                    4327.0
                ],
                [
                    1919.0,
                    4306.0
                ],
                [
                    1920.0,
                    4295.0
                ],
                [
                    1924.0,
                    4262.0
                ],
                [
                    1935.0,
                    4192.0
                ],
                [
                    1937.0,
                    4180.0
                ],
                [
                    1938.0,
                    4174.0
                ],
                [
                    1942.0,
                    4151.0
                ],
                [
                    1942.0,
                    4152.0
                ],
                [
                    1946.0,
                    4130.0
                ],
                [
                    1958.0,
                    4077.0
                ],
                [
                    1963.0,
                    4056.0
                ],
                [
                    1974.0,
                    4014.0
                ],
                [
                    1989.0,
                    3963.0
                ],
                [
                    1999.0,
                    3937.0
                ],
                [
                    2016.0,
                    3898.0
                ],
                [
                    2040.0,
                    3848.0
                ],
                [
                    2054.0,
                    3823.0
                ],
                [
                    2063.0,
                    3807.0
                ],
                [
                    2071.0,
                    3793.0
                ],
                [
                    2085.0,
                    3771.0
                ],
                [
                    2090.0,
                    3763.0
                ],
                [
                    2100.0,
                    3748.0
                ],
                [
                    2113.0,
                    3729.0
                ],
                [
                    2128.0,
                    3708.0
                ],
                [
                    2149.0,
                    3681.0
                ],
                [
                    2185.0,
                    3639.0
                ],
                [
                    2210.0,
                    3613.0
                ],
                [
                    2217.0,
                    3606.0
                ],
                [
                    2246.0,
                    3580.0
                ],
                [
                    2247.0,
                    3579.0
                ],
                [
                    2255.0,
                    3572.0
                ],
                [
                    2271.0,
                    3559.0
                ],
                [
                    2284.0,
                    3549.0
                ],
                [
                    2291.0,
                    3544.0
                ],
                [
                    2314.0,
                    3527.0
                ],
                [
                    2332.0,
                    3515.0
                ],
                [
                    3371.0,
                    2917.0
                ]
            ],
            [
                2040.0,
                3848.0
            ],
            89
        ]
    },
    {
        "n_items": 420,
        "capacity": 1697,
        "execution_time": 2.849993944168091,
        "extreme_efficient_solutions": [
            [
                [
                    2067.0,
                    5210.0
                ],
                [
                    2067.0,
                    5173.0
                ],
                [
                    2067.0,
                    5214.0
                ],
                [
                    2068.0,
                    5142.0
                ],
                [
                    2069.0,
                    5123.0
                ],
                [
                    2071.0,
                    5095.0
                ],
                [
                    2074.0,
                    5058.0
                ],
                [
                    2079.0,
                    5001.0
                ],
                [
                    2083.0,
                    4966.0
                ],
                [
                    2090.0,
                    4908.0
                ],
                [
                    2099.0,
                    4857.0
                ],
                [
                    2101.0,
                    4846.0
                ],
                [
                    2108.0,
                    4810.0
                ],
                [
                    2116.0,
                    4770.0
                ],
                [
                    2121.0,
                    4746.0
                ],
                [
                    2126.0,
                    4724.0
                ],
                [
                    2134.0,
                    4692.0
                ],
                [
                    2145.0,
                    4653.0
                ],
                [
                    2146.0,
                    4649.0
                ],
                [
                    2160.0,
                    4603.0
                ],
                [
                    2176.0,
                    4561.0
                ],
                [
                    2192.0,
                    4521.0
                ],
                [
                    2201.0,
                    4500.0
                ],
                [
                    2222.0,
                    4458.0
                ],
                [
                    2246.0,
                    4416.0
                ],
                [
                    2255.0,
                    4401.0
                ],
                [
                    2263.0,
                    4388.0
                ],
                [
                    2271.0,
                    4376.0
                ],
                [
                    2289.0,
                    4349.0
                ],
                [
                    2322.0,
                    4304.0
                ],
                [
                    2336.0,
                    4285.0
                ],
                [
                    2360.0,
                    4254.0
                ],
                [
                    2394.0,
                    4213.0
                ],
                [
                    2412.0,
                    4193.0
                ],
                [
                    2437.0,
                    4166.0
                ],
                [
                    2460.0,
                    4142.0
                ],
                [
                    2505.0,
                    4101.0
                ],
                [
                    2525.0,
                    4084.0
                ],
                [
                    2526.0,
                    4083.0
                ],
                [
                    2562.0,
                    4054.0
                ],
                [
                    2572.0,
                    4046.0
                ],
                [
                    2621.0,
                    4011.0
                ],
                [
                    2624.0,
                    4009.0
                ],
                [
                    2649.0,
                    3993.0
                ],
                [
                    2657.0,
                    3988.0
                ],
                [
                    2680.0,
                    3974.0
                ],
                [
                    2713.0,
                    3955.0
                ],
                [
                    2721.0,
                    3951.0
                ],
                [
                    2783.0,
                    3919.0
                ],
                [
                    2814.0,
                    3904.0
                ],
                [
                    2827.0,
                    3898.0
                ],
                [
                    2837.0,
                    3893.0
                ],
                [
                    3746.0,
                    3477.0
                ]
            ],
            [
                2201.0,
                4500.0
            ],
            103
        ]
    },
    {
        "n_items": 440,
        "capacity": 1737,
        "execution_time": 2.4502415657043457,
        "extreme_efficient_solutions": [
            [
                [
                    2186.0,
                    5160.0
                ],
                [
                    2187.0,
                    5093.0
                ],
                [
                    2188.0,
                    5061.0
                ],
                [
                    2190.0,
                    5020.0
                ],
                [
                    2193.0,
                    4973.0
                ],
                [
                    2201.0,
                    4901.0
                ],
                [
                    2208.0,
                    4857.0
                ],
                [
                    2212.0,
                    4835.0
                ],
                [
                    2216.0,
                    4815.0
                ],
                [
                    2217.0,
                    4809.0
                ],
                [
                    2226.0,
                    4766.0
                ],
                [
                    2227.0,
                    4762.0
                ],
                [
                    2230.0,
                    4748.0
                ],
                [
                    2239.0,
                    4718.0
                ],
                [
                    2251.0,
                    4680.0
                ],
                [
                    2262.0,
                    4647.0
                ],
                [
                    2276.0,
                    4606.0
                ],
                [
                    2278.0,
                    4601.0
                ],
                [
                    2300.0,
                    4539.0
                ],
                [
                    2312.0,
                    4510.0
                ],
                [
                    2325.0,
                    4482.0
                ],
                [
                    2348.0,
                    4436.0
                ],
                [
                    2368.0,
                    4398.0
                ],
                [
                    2375.0,
                    4387.0
                ],
                [
                    2391.0,
                    4362.0
                ],
                [
                    2408.0,
                    4337.0
                ],
                [
                    2423.0,
                    4317.0
                ],
                [
                    2430.0,
                    4308.0
                ],
                [
                    2447.0,
                    4288.0
                ],
                [
                    2458.0,
                    4275.0
                ],
                [
                    2464.0,
                    4268.0
                ],
                [
                    2479.0,
                    4251.0
                ],
                [
                    2504.0,
                    4223.0
                ],
                [
                    2527.0,
                    4199.0
                ],
                [
                    2545.0,
                    4181.0
                ],
                [
                    2570.0,
                    4157.0
                ],
                [
                    2623.0,
                    4111.0
                ],
                [
                    2651.0,
                    4090.0
                ],
                [
                    2690.0,
                    4062.0
                ],
                [
                    2709.0,
                    4049.0
                ],
                [
                    2712.0,
                    4047.0
                ],
                [
                    2732.0,
                    4034.0
                ],
                [
                    2762.0,
                    4016.0
                ],
                [
                    2784.0,
                    4003.0
                ],
                [
                    2826.0,
                    3979.0
                ],
                [
                    2870.0,
                    3955.0
                ],
                [
                    2886.0,
                    3947.0
                ],
                [
                    3814.0,
                    3471.0
                ]
            ],
            [
                2368.0,
                4398.0
            ],
            93
        ]
    },
    {
        "n_items": 460,
        "capacity": 1845,
        "execution_time": 3.3332109451293945,
        "extreme_efficient_solutions": [
            [
                [
                    2542.0,
                    5547.0
                ],
                [
                    2542.0,
                    5598.0
                ],
                [
                    2543.0,
                    5518.0
                ],
                [
                    2545.0,
                    5477.0
                ],
                [
                    2545.0,
                    5479.0
                ],
                [
                    2548.0,
                    5436.0
                ],
                [
                    2551.0,
                    5402.0
                ],
                [
                    2558.0,
                    5342.0
                ],
                [
                    2567.0,
                    5281.0
                ],
                [
                    2578.0,
                    5213.0
                ],
                [
                    2584.0,
                    5178.0
                ],
                [
                    2590.0,
                    5145.0
                ],
                [
                    2598.0,
                    5106.0
                ],
                [
                    2606.0,
                    5071.0
                ],
                [
                    2614.0,
                    5039.0
                ],
                [
                    2620.0,
                    5016.0
                ],
                [
                    2623.0,
                    5005.0
                ],
                [
                    2631.0,
                    4976.0
                ],
                [
                    2635.0,
                    4962.0
                ],
                [
                    2647.0,
                    4922.0
                ],
                [
                    2668.0,
                    4871.0
                ],
                [
                    2686.0,
                    4829.0
                ],
                [
                    2691.0,
                    4818.0
                ],
                [
                    2703.0,
                    4792.0
                ],
                [
                    2709.0,
                    4779.0
                ],
                [
                    2717.0,
                    4763.0
                ],
                [
                    2730.0,
                    4738.0
                ],
                [
                    2734.0,
                    4731.0
                ],
                [
                    2759.0,
                    4688.0
                ],
                [
                    2791.0,
                    4636.0
                ],
                [
                    2817.0,
                    4596.0
                ],
                [
                    2818.0,
                    4595.0
                ],
                [
                    2828.0,
                    4581.0
                ],
                [
                    2831.0,
                    4577.0
                ],
                [
                    2851.0,
                    4551.0
                ],
                [
                    2868.0,
                    4530.0
                ],
                [
                    2872.0,
                    4525.0
                ],
                [
                    2873.0,
                    4524.0
                ],
                [
                    2878.0,
                    4518.0
                ],
                [
                    2884.0,
                    4511.0
                ],
                [
                    2919.0,
                    4471.0
                ],
                [
                    2928.0,
                    4462.0
                ],
                [
                    2970.0,
                    4420.0
                ],
                [
                    2982.0,
                    4409.0
                ],
                [
                    3022.0,
                    4376.0
                ],
                [
                    3043.0,
                    4361.0
                ],
                [
                    3051.0,
                    4355.0
                ],
                [
                    3052.0,
                    4354.0
                ],
                [
                    3065.0,
                    4345.0
                ],
                [
                    3086.0,
                    4331.0
                ],
                [
                    3121.0,
                    4310.0
                ],
                [
                    3208.0,
                    4262.0
                ],
                [
                    3216.0,
                    4258.0
                ],
                [
                    3249.0,
                    4242.0
                ],
                [
                    3257.0,
                    4238.0
                ],
                [
                    3291.0,
                    4222.0
                ],
                [
                    3358.0,
                    4196.0
                ],
                [
                    3361.0,
                    4195.0
                ],
                [
                    3374.0,
                    4190.0
                ],
                [
                    3408.0,
                    4178.0
                ],
                [
                    3415.0,
                    4176.0
                ],
                [
                    3440.0,
                    4167.0
                ],
                [
                    3449.0,
                    4164.0
                ],
                [
                    3466.0,
                    4159.0
                ],
                [
                    4090.0,
                    3971.0
                ]
            ],
            [
                2759.0,
                4688.0
            ],
            127
        ]
    },
    {
        "n_items": 480,
        "capacity": 1988,
        "execution_time": 2.6998376846313477,
        "extreme_efficient_solutions": [
            [
                [
                    2473.0,
                    5547.0
                ],
                [
                    2473.0,
                    5542.0
                ],
                [
                    2473.0,
                    5593.0
                ],
                [
                    2474.0,
                    5515.0
                ],
                [
                    2476.0,
                    5473.0
                ],
                [
                    2479.0,
                    5432.0
                ],
                [
                    2483.0,
                    5387.0
                ],
                [
                    2487.0,
                    5350.0
                ],
                [
                    2497.0,
                    5283.0
                ],
                [
                    2497.0,
                    5284.0
                ],
                [
                    2505.0,
                    5243.0
                ],
                [
                    2507.0,
                    5234.0
                ],
                [
                    2510.0,
                    5221.0
                ],
                [
                    2529.0,
                    5157.0
                ],
                [
                    2551.0,
                    5102.0
                ],
                [
                    2570.0,
                    5060.0
                ],
                [
                    2594.0,
                    5016.0
                ],
                [
                    2616.0,
                    4980.0
                ],
                [
                    2639.0,
                    4944.0
                ],
                [
                    2678.0,
                    4889.0
                ],
                [
                    2691.0,
                    4872.0
                ],
                [
                    2709.0,
                    4849.0
                ],
                [
                    2727.0,
                    4827.0
                ],
                [
                    2761.0,
                    4786.0
                ],
                [
                    2797.0,
                    4746.0
                ],
                [
                    2800.0,
                    4743.0
                ],
                [
                    2812.0,
                    4730.0
                ],
                [
                    2817.0,
                    4725.0
                ],
                [
                    2823.0,
                    4719.0
                ],
                [
                    2845.0,
                    4697.0
                ],
                [
                    2857.0,
                    4685.0
                ],
                [
                    2883.0,
                    4662.0
                ],
                [
                    2900.0,
                    4648.0
                ],
                [
                    2905.0,
                    4644.0
                ],
                [
                    2922.0,
                    4630.0
                ],
                [
                    2941.0,
                    4615.0
                ],
                [
                    2957.0,
                    4603.0
                ],
                [
                    2962.0,
                    4599.0
                ],
                [
                    2974.0,
                    4590.0
                ],
                [
                    2984.0,
                    4583.0
                ],
                [
                    3000.0,
                    4572.0
                ],
                [
                    3051.0,
                    4538.0
                ],
                [
                    3081.0,
                    4520.0
                ],
                [
                    3118.0,
                    4499.0
                ],
                [
                    3120.0,
                    4498.0
                ],
                [
                    3149.0,
                    4482.0
                ],
                [
                    3171.0,
                    4470.0
                ],
                [
                    3181.0,
                    4465.0
                ],
                [
                    3233.0,
                    4440.0
                ],
                [
                    4282.0,
                    3944.0
                ]
            ],
            [
                2570.0,
                5060.0
            ],
            97
        ]
    },
    {
        "n_items": 500,
        "capacity": 1902,
        "execution_time": 3.3999440670013428,
        "extreme_efficient_solutions": [
            [
                [
                    2469.0,
                    5552.0
                ],
                [
                    2469.0,
                    5547.0
                ],
                [
                    2469.0,
                    5594.0
                ],
                [
                    2470.0,
                    5494.0
                ],
                [
                    2470.0,
                    5501.0
                ],
                [
                    2471.0,
                    5460.0
                ],
                [
                    2472.0,
                    5429.0
                ],
                [
                    2472.0,
                    5431.0
                ],
                [
                    2473.0,
                    5402.0
                ],
                [
                    2474.0,
                    5382.0
                ],
                [
                    2474.0,
                    5383.0
                ],
                [
                    2476.0,
                    5342.0
                ],
                [
                    2481.0,
                    5259.0
                ],
                [
                    2485.0,
                    5215.0
                ],
                [
                    2489.0,
                    5179.0
                ],
                [
                    2491.0,
                    5162.0
                ],
                [
                    2498.0,
                    5115.0
                ],
                [
                    2499.0,
                    5109.0
                ],
                [
                    2506.0,
                    5073.0
                ],
                [
                    2510.0,
                    5051.0
                ],
                [
                    2511.0,
                    5046.0
                ],
                [
                    2517.0,
                    5018.0
                ],
                [
                    2525.0,
                    4982.0
                ],
                [
                    2537.0,
                    4943.0
                ],
                [
                    2547.0,
                    4911.0
                ],
                [
                    2556.0,
                    4885.0
                ],
                [
                    2563.0,
                    4865.0
                ],
                [
                    2568.0,
                    4850.0
                ],
                [
                    2574.0,
                    4833.0
                ],
                [
                    2583.0,
                    4809.0
                ],
                [
                    2584.0,
                    4807.0
                ],
                [
                    2594.0,
                    4780.0
                ],
                [
                    2601.0,
                    4763.0
                ],
                [
                    2608.0,
                    4746.0
                ],
                [
                    2614.0,
                    4732.0
                ],
                [
                    2616.0,
                    4728.0
                ],
                [
                    2624.0,
                    4711.0
                ],
                [
                    2637.0,
                    4685.0
                ],
                [
                    2639.0,
                    4681.0
                ],
                [
                    2658.0,
                    4648.0
                ],
                [
                    2661.0,
                    4643.0
                ],
                [
                    2677.0,
                    4615.0
                ],
                [
                    2680.0,
                    4610.0
                ],
                [
                    2695.0,
                    4586.0
                ],
                [
                    2706.0,
                    4570.0
                ],
                [
                    2710.0,
                    4564.0
                ],
                [
                    2721.0,
                    4548.0
                ],
                [
                    2746.0,
                    4514.0
                ],
                [
                    2758.0,
                    4498.0
                ],
                [
                    2773.0,
                    4479.0
                ],
                [
                    2804.0,
                    4442.0
                ],
                [
                    2817.0,
                    4427.0
                ],
                [
                    2832.0,
                    4410.0
                ],
                [
                    2889.0,
                    4353.0
                ],
                [
                    2892.0,
                    4350.0
                ],
                [
                    2919.0,
                    4324.0
                ],
                [
                    2927.0,
                    4317.0
                ],
                [
                    2957.0,
                    4292.0
                ],
                [
                    2980.0,
                    4274.0
                ],
                [
                    2996.0,
                    4263.0
                ],
                [
                    3047.0,
                    4231.0
                ],
                [
                    3068.0,
                    4219.0
                ],
                [
                    3084.0,
                    4211.0
                ],
                [
                    3113.0,
                    4197.0
                ],
                [
                    3126.0,
                    4191.0
                ],
                [
                    3147.0,
                    4182.0
                ],
                [
                    3169.0,
                    4174.0
                ],
                [
                    3180.0,
                    4170.0
                ],
                [
                    4067.0,
                    3835.0
                ]
            ],
            [
                2639.0,
                4681.0
            ],
            135
        ]
    }
]